assetId,category,phase,status,targetWidth,targetHeight,alpha,promptPath
flower_daisy_seed,flowers_plants,P0,planned,512,512,True,asset_prompts/06_FLOWERS_PLANTS/FLOWER_MASTER_PROMPT.md
flower_daisy_sprout,flowers_plants,P0,planned,512,512,True,asset_prompts/06_FLOWERS_PLANTS/FLOWER_MASTER_PROMPT.md
flower_daisy_bud,flowers_plants,P0,planned,512,512,True,asset_prompts/06_FLOWERS_PLANTS/FLOWER_MASTER_PROMPT.md
flower_daisy_bloom,flowers_plants,P0,planned,512,512,True,asset_prompts/06_FLOWERS_PLANTS/FLOWER_MASTER_PROMPT.md
flower_daisy_ready,flowers_plants,P0,planned,512,512,True,asset_prompts/06_FLOWERS_PLANTS/FLOWER_MASTER_PROMPT.md
flower_tulip_seed,flowers_plants,P0,planned,512,512,True,asset_prompts/06_FLOWERS_PLANTS/FLOWER_MASTER_PROMPT.md
flower_tulip_sprout,flowers_plants,P0,planned,512,512,True,asset_prompts/06_FLOWERS_PLANTS/FLOWER_MASTER_PROMPT.md
flower_tulip_bud,flowers_plants,P0,planned,512,512,True,asset_prompts/06_FLOWERS_PLANTS/FLOWER_MASTER_PROMPT.md
flower_tulip_bloom,flowers_plants,P0,planned,512,512,True,asset_prompts/06_FLOWERS_PLANTS/FLOWER_MASTER_PROMPT.md
flower_tulip_ready,flowers_plants,P0,planned,512,512,True,asset_prompts/06_FLOWERS_PLANTS/FLOWER_MASTER_PROMPT.md
flower_marigold_seed,flowers_plants,P0,planned,512,512,True,asset_prompts/06_FLOWERS_PLANTS/FLOWER_MASTER_PROMPT.md
flower_marigold_sprout,flowers_plants,P0,planned,512,512,True,asset_prompts/06_FLOWERS_PLANTS/FLOWER_MASTER_PROMPT.md
flower_marigold_bud,flowers_plants,P0,planned,512,512,True,asset_prompts/06_FLOWERS_PLANTS/FLOWER_MASTER_PROMPT.md
flower_marigold_bloom,flowers_plants,P0,planned,512,512,True,asset_prompts/06_FLOWERS_PLANTS/FLOWER_MASTER_PROMPT.md
flower_marigold_ready,flowers_plants,P0,planned,512,512,True,asset_prompts/06_FLOWERS_PLANTS/FLOWER_MASTER_PROMPT.md
flower_lavender_seed,flowers_plants,P1,planned,512,512,True,asset_prompts/06_FLOWERS_PLANTS/FLOWER_MASTER_PROMPT.md
flower_lavender_sprout,flowers_plants,P1,planned,512,512,True,asset_prompts/06_FLOWERS_PLANTS/FLOWER_MASTER_PROMPT.md
flower_lavender_bud,flowers_plants,P1,planned,512,512,True,asset_prompts/06_FLOWERS_PLANTS/FLOWER_MASTER_PROMPT.md
flower_lavender_bloom,flowers_plants,P1,planned,512,512,True,asset_prompts/06_FLOWERS_PLANTS/FLOWER_MASTER_PROMPT.md
flower_lavender_ready,flowers_plants,P1,planned,512,512,True,asset_prompts/06_FLOWERS_PLANTS/FLOWER_MASTER_PROMPT.md
flower_rose_seed,flowers_plants,P1,planned,512,512,True,asset_prompts/06_FLOWERS_PLANTS/FLOWER_MASTER_PROMPT.md
flower_rose_sprout,flowers_plants,P1,planned,512,512,True,asset_prompts/06_FLOWERS_PLANTS/FLOWER_MASTER_PROMPT.md
flower_rose_bud,flowers_plants,P1,planned,512,512,True,asset_prompts/06_FLOWERS_PLANTS/FLOWER_MASTER_PROMPT.md
flower_rose_bloom,flowers_plants,P1,planned,512,512,True,asset_prompts/06_FLOWERS_PLANTS/FLOWER_MASTER_PROMPT.md
flower_rose_ready,flowers_plants,P1,planned,512,512,True,asset_prompts/06_FLOWERS_PLANTS/FLOWER_MASTER_PROMPT.md
flower_lily_seed,flowers_plants,P1,planned,512,512,True,asset_prompts/06_FLOWERS_PLANTS/FLOWER_MASTER_PROMPT.md
flower_lily_sprout,flowers_plants,P1,planned,512,512,True,asset_prompts/06_FLOWERS_PLANTS/FLOWER_MASTER_PROMPT.md
flower_lily_bud,flowers_plants,P1,planned,512,512,True,asset_prompts/06_FLOWERS_PLANTS/FLOWER_MASTER_PROMPT.md
flower_lily_bloom,flowers_plants,P1,planned,512,512,True,asset_prompts/06_FLOWERS_PLANTS/FLOWER_MASTER_PROMPT.md
flower_lily_ready,flowers_plants,P1,planned,512,512,True,asset_prompts/06_FLOWERS_PLANTS/FLOWER_MASTER_PROMPT.md
icon_seed_daisy,items,P0,planned,512,512,True,asset_prompts/05_ITEMS/ITEM_MASTER_PROMPT.md
icon_flower_daisy,items,P0,planned,512,512,True,asset_prompts/05_ITEMS/ITEM_MASTER_PROMPT.md
icon_seed_tulip,items,P0,planned,512,512,True,asset_prompts/05_ITEMS/ITEM_MASTER_PROMPT.md
icon_flower_tulip,items,P0,planned,512,512,True,asset_prompts/05_ITEMS/ITEM_MASTER_PROMPT.md
icon_seed_marigold,items,P0,planned,512,512,True,asset_prompts/05_ITEMS/ITEM_MASTER_PROMPT.md
icon_flower_marigold,items,P0,planned,512,512,True,asset_prompts/05_ITEMS/ITEM_MASTER_PROMPT.md
icon_seed_lavender,items,P1,planned,512,512,True,asset_prompts/05_ITEMS/ITEM_MASTER_PROMPT.md
icon_flower_lavender,items,P0,planned,512,512,True,asset_prompts/05_ITEMS/ITEM_MASTER_PROMPT.md
icon_seed_rose,items,P1,planned,512,512,True,asset_prompts/05_ITEMS/ITEM_MASTER_PROMPT.md
icon_flower_rose,items,P0,planned,512,512,True,asset_prompts/05_ITEMS/ITEM_MASTER_PROMPT.md
icon_seed_lily,items,P1,planned,512,512,True,asset_prompts/05_ITEMS/ITEM_MASTER_PROMPT.md
icon_flower_lily,items,P0,planned,512,512,True,asset_prompts/05_ITEMS/ITEM_MASTER_PROMPT.md
icon_wood,items,P0,planned,512,512,True,asset_prompts/05_ITEMS/ITEM_MASTER_PROMPT.md
icon_stone,items,P0,planned,512,512,True,asset_prompts/05_ITEMS/ITEM_MASTER_PROMPT.md
icon_decor_bench,items,P1,planned,512,512,True,asset_prompts/05_ITEMS/ITEM_MASTER_PROMPT.md
icon_decor_flowerpot,items,P1,planned,512,512,True,asset_prompts/05_ITEMS/ITEM_MASTER_PROMPT.md
icon_decor_mailbox,items,P1,planned,512,512,True,asset_prompts/05_ITEMS/ITEM_MASTER_PROMPT.md
icon_decor_stonepath,items,P1,planned,512,512,True,asset_prompts/05_ITEMS/ITEM_MASTER_PROMPT.md
icon_decor_birdbath,items,P1,planned,512,512,True,asset_prompts/05_ITEMS/ITEM_MASTER_PROMPT.md
icon_decor_gardenlamp,items,P1,planned,512,512,True,asset_prompts/05_ITEMS/ITEM_MASTER_PROMPT.md
icon_decor_smalltable,items,P1,planned,512,512,True,asset_prompts/05_ITEMS/ITEM_MASTER_PROMPT.md
icon_decor_chair,items,P1,planned,512,512,True,asset_prompts/05_ITEMS/ITEM_MASTER_PROMPT.md
icon_decor_picnicrug,items,P1,planned,512,512,True,asset_prompts/05_ITEMS/ITEM_MASTER_PROMPT.md
icon_decor_trellis,items,P1,planned,512,512,True,asset_prompts/05_ITEMS/ITEM_MASTER_PROMPT.md
icon_decor_fence,items,P1,planned,512,512,True,asset_prompts/05_ITEMS/ITEM_MASTER_PROMPT.md
icon_decor_sign,items,P1,planned,512,512,True,asset_prompts/05_ITEMS/ITEM_MASTER_PROMPT.md
icon_bouquet_simple,items,P2,planned,512,512,True,asset_prompts/05_ITEMS/ITEM_MASTER_PROMPT.md
icon_fish_minnow,items,P2,planned,512,512,True,asset_prompts/05_ITEMS/ITEM_MASTER_PROMPT.md
icon_fish_carp,items,P2,planned,512,512,True,asset_prompts/05_ITEMS/ITEM_MASTER_PROMPT.md
icon_fish_koi,items,P2,planned,512,512,True,asset_prompts/05_ITEMS/ITEM_MASTER_PROMPT.md
icon_egg,items,P2,planned,512,512,True,asset_prompts/05_ITEMS/ITEM_MASTER_PROMPT.md
icon_milk,items,P2,planned,512,512,True,asset_prompts/05_ITEMS/ITEM_MASTER_PROMPT.md
icon_wool,items,P2,planned,512,512,True,asset_prompts/05_ITEMS/ITEM_MASTER_PROMPT.md
icon_feed,items,P2,planned,512,512,True,asset_prompts/05_ITEMS/ITEM_MASTER_PROMPT.md
decor_bench,furniture,P1,planned,512,512,True,asset_prompts/11_FURNITURE_DECOR/FURNITURE_MASTER_PROMPT.md
decor_flowerpot,furniture,P1,planned,512,512,True,asset_prompts/11_FURNITURE_DECOR/FURNITURE_MASTER_PROMPT.md
decor_mailbox,furniture,P1,planned,512,512,True,asset_prompts/11_FURNITURE_DECOR/FURNITURE_MASTER_PROMPT.md
decor_stonepath,furniture,P1,planned,512,512,True,asset_prompts/11_FURNITURE_DECOR/FURNITURE_MASTER_PROMPT.md
decor_birdbath,furniture,P1,planned,512,512,True,asset_prompts/11_FURNITURE_DECOR/FURNITURE_MASTER_PROMPT.md
decor_gardenlamp,furniture,P1,planned,512,512,True,asset_prompts/11_FURNITURE_DECOR/FURNITURE_MASTER_PROMPT.md
decor_smalltable,furniture,P1,planned,512,512,True,asset_prompts/11_FURNITURE_DECOR/FURNITURE_MASTER_PROMPT.md
decor_chair,furniture,P1,planned,512,512,True,asset_prompts/11_FURNITURE_DECOR/FURNITURE_MASTER_PROMPT.md
decor_picnicrug,furniture,P1,planned,512,512,True,asset_prompts/11_FURNITURE_DECOR/FURNITURE_MASTER_PROMPT.md
decor_trellis,furniture,P1,planned,512,512,True,asset_prompts/11_FURNITURE_DECOR/FURNITURE_MASTER_PROMPT.md
decor_fence,furniture,P1,planned,512,512,True,asset_prompts/11_FURNITURE_DECOR/FURNITURE_MASTER_PROMPT.md
decor_sign,furniture,P1,planned,512,512,True,asset_prompts/11_FURNITURE_DECOR/FURNITURE_MASTER_PROMPT.md
characters_player_idle_n_00,animation,P0,planned,768,768,True,asset_prompts/17_ANIMATION/ANIMATION_MASTER_PROMPT.md
characters_player_idle_n_01,animation,P0,planned,768,768,True,asset_prompts/17_ANIMATION/ANIMATION_MASTER_PROMPT.md
characters_player_idle_n_02,animation,P0,planned,768,768,True,asset_prompts/17_ANIMATION/ANIMATION_MASTER_PROMPT.md
characters_player_idle_n_03,animation,P0,planned,768,768,True,asset_prompts/17_ANIMATION/ANIMATION_MASTER_PROMPT.md
characters_player_walk_n_00,animation,P0,planned,768,768,True,asset_prompts/17_ANIMATION/ANIMATION_MASTER_PROMPT.md
characters_player_walk_n_01,animation,P0,planned,768,768,True,asset_prompts/17_ANIMATION/ANIMATION_MASTER_PROMPT.md
characters_player_walk_n_02,animation,P0,planned,768,768,True,asset_prompts/17_ANIMATION/ANIMATION_MASTER_PROMPT.md
characters_player_walk_n_03,animation,P0,planned,768,768,True,asset_prompts/17_ANIMATION/ANIMATION_MASTER_PROMPT.md
characters_player_walk_n_04,animation,P0,planned,768,768,True,asset_prompts/17_ANIMATION/ANIMATION_MASTER_PROMPT.md
characters_player_walk_n_05,animation,P0,planned,768,768,True,asset_prompts/17_ANIMATION/ANIMATION_MASTER_PROMPT.md
characters_player_idle_e_00,animation,P0,planned,768,768,True,asset_prompts/17_ANIMATION/ANIMATION_MASTER_PROMPT.md
characters_player_idle_e_01,animation,P0,planned,768,768,True,asset_prompts/17_ANIMATION/ANIMATION_MASTER_PROMPT.md
characters_player_idle_e_02,animation,P0,planned,768,768,True,asset_prompts/17_ANIMATION/ANIMATION_MASTER_PROMPT.md
characters_player_idle_e_03,animation,P0,planned,768,768,True,asset_prompts/17_ANIMATION/ANIMATION_MASTER_PROMPT.md
characters_player_walk_e_00,animation,P0,planned,768,768,True,asset_prompts/17_ANIMATION/ANIMATION_MASTER_PROMPT.md
characters_player_walk_e_01,animation,P0,planned,768,768,True,asset_prompts/17_ANIMATION/ANIMATION_MASTER_PROMPT.md
characters_player_walk_e_02,animation,P0,planned,768,768,True,asset_prompts/17_ANIMATION/ANIMATION_MASTER_PROMPT.md
characters_player_walk_e_03,animation,P0,planned,768,768,True,asset_prompts/17_ANIMATION/ANIMATION_MASTER_PROMPT.md
characters_player_walk_e_04,animation,P0,planned,768,768,True,asset_prompts/17_ANIMATION/ANIMATION_MASTER_PROMPT.md
characters_player_walk_e_05,animation,P0,planned,768,768,True,asset_prompts/17_ANIMATION/ANIMATION_MASTER_PROMPT.md
characters_player_idle_s_00,animation,P0,planned,768,768,True,asset_prompts/17_ANIMATION/ANIMATION_MASTER_PROMPT.md
characters_player_idle_s_01,animation,P0,planned,768,768,True,asset_prompts/17_ANIMATION/ANIMATION_MASTER_PROMPT.md
characters_player_idle_s_02,animation,P0,planned,768,768,True,asset_prompts/17_ANIMATION/ANIMATION_MASTER_PROMPT.md
characters_player_idle_s_03,animation,P0,planned,768,768,True,asset_prompts/17_ANIMATION/ANIMATION_MASTER_PROMPT.md
characters_player_walk_s_00,animation,P0,planned,768,768,True,asset_prompts/17_ANIMATION/ANIMATION_MASTER_PROMPT.md
characters_player_walk_s_01,animation,P0,planned,768,768,True,asset_prompts/17_ANIMATION/ANIMATION_MASTER_PROMPT.md
characters_player_walk_s_02,animation,P0,planned,768,768,True,asset_prompts/17_ANIMATION/ANIMATION_MASTER_PROMPT.md
characters_player_walk_s_03,animation,P0,planned,768,768,True,asset_prompts/17_ANIMATION/ANIMATION_MASTER_PROMPT.md
characters_player_walk_s_04,animation,P0,planned,768,768,True,asset_prompts/17_ANIMATION/ANIMATION_MASTER_PROMPT.md
characters_player_walk_s_05,animation,P0,planned,768,768,True,asset_prompts/17_ANIMATION/ANIMATION_MASTER_PROMPT.md
characters_player_idle_w_00,animation,P0,planned,768,768,True,asset_prompts/17_ANIMATION/ANIMATION_MASTER_PROMPT.md
characters_player_idle_w_01,animation,P0,planned,768,768,True,asset_prompts/17_ANIMATION/ANIMATION_MASTER_PROMPT.md
characters_player_idle_w_02,animation,P0,planned,768,768,True,asset_prompts/17_ANIMATION/ANIMATION_MASTER_PROMPT.md
characters_player_idle_w_03,animation,P0,planned,768,768,True,asset_prompts/17_ANIMATION/ANIMATION_MASTER_PROMPT.md
characters_player_walk_w_00,animation,P0,planned,768,768,True,asset_prompts/17_ANIMATION/ANIMATION_MASTER_PROMPT.md
characters_player_walk_w_01,animation,P0,planned,768,768,True,asset_prompts/17_ANIMATION/ANIMATION_MASTER_PROMPT.md
characters_player_walk_w_02,animation,P0,planned,768,768,True,asset_prompts/17_ANIMATION/ANIMATION_MASTER_PROMPT.md
characters_player_walk_w_03,animation,P0,planned,768,768,True,asset_prompts/17_ANIMATION/ANIMATION_MASTER_PROMPT.md
characters_player_walk_w_04,animation,P0,planned,768,768,True,asset_prompts/17_ANIMATION/ANIMATION_MASTER_PROMPT.md
characters_player_walk_w_05,animation,P0,planned,768,768,True,asset_prompts/17_ANIMATION/ANIMATION_MASTER_PROMPT.md
npcs_lily_idle_n_00,animation,P0,planned,768,768,True,asset_prompts/17_ANIMATION/ANIMATION_MASTER_PROMPT.md
npcs_lily_idle_n_01,animation,P0,planned,768,768,True,asset_prompts/17_ANIMATION/ANIMATION_MASTER_PROMPT.md
npcs_lily_idle_n_02,animation,P0,planned,768,768,True,asset_prompts/17_ANIMATION/ANIMATION_MASTER_PROMPT.md
npcs_lily_idle_n_03,animation,P0,planned,768,768,True,asset_prompts/17_ANIMATION/ANIMATION_MASTER_PROMPT.md
npcs_lily_walk_n_00,animation,P0,planned,768,768,True,asset_prompts/17_ANIMATION/ANIMATION_MASTER_PROMPT.md
npcs_lily_walk_n_01,animation,P0,planned,768,768,True,asset_prompts/17_ANIMATION/ANIMATION_MASTER_PROMPT.md
npcs_lily_walk_n_02,animation,P0,planned,768,768,True,asset_prompts/17_ANIMATION/ANIMATION_MASTER_PROMPT.md
npcs_lily_walk_n_03,animation,P0,planned,768,768,True,asset_prompts/17_ANIMATION/ANIMATION_MASTER_PROMPT.md
npcs_lily_walk_n_04,animation,P0,planned,768,768,True,asset_prompts/17_ANIMATION/ANIMATION_MASTER_PROMPT.md
npcs_lily_walk_n_05,animation,P0,planned,768,768,True,asset_prompts/17_ANIMATION/ANIMATION_MASTER_PROMPT.md
npcs_lily_idle_e_00,animation,P0,planned,768,768,True,asset_prompts/17_ANIMATION/ANIMATION_MASTER_PROMPT.md
npcs_lily_idle_e_01,animation,P0,planned,768,768,True,asset_prompts/17_ANIMATION/ANIMATION_MASTER_PROMPT.md
npcs_lily_idle_e_02,animation,P0,planned,768,768,True,asset_prompts/17_ANIMATION/ANIMATION_MASTER_PROMPT.md
npcs_lily_idle_e_03,animation,P0,planned,768,768,True,asset_prompts/17_ANIMATION/ANIMATION_MASTER_PROMPT.md
npcs_lily_walk_e_00,animation,P0,planned,768,768,True,asset_prompts/17_ANIMATION/ANIMATION_MASTER_PROMPT.md
npcs_lily_walk_e_01,animation,P0,planned,768,768,True,asset_prompts/17_ANIMATION/ANIMATION_MASTER_PROMPT.md
npcs_lily_walk_e_02,animation,P0,planned,768,768,True,asset_prompts/17_ANIMATION/ANIMATION_MASTER_PROMPT.md
npcs_lily_walk_e_03,animation,P0,planned,768,768,True,asset_prompts/17_ANIMATION/ANIMATION_MASTER_PROMPT.md
npcs_lily_walk_e_04,animation,P0,planned,768,768,True,asset_prompts/17_ANIMATION/ANIMATION_MASTER_PROMPT.md
npcs_lily_walk_e_05,animation,P0,planned,768,768,True,asset_prompts/17_ANIMATION/ANIMATION_MASTER_PROMPT.md
npcs_lily_idle_s_00,animation,P0,planned,768,768,True,asset_prompts/17_ANIMATION/ANIMATION_MASTER_PROMPT.md
npcs_lily_idle_s_01,animation,P0,planned,768,768,True,asset_prompts/17_ANIMATION/ANIMATION_MASTER_PROMPT.md
npcs_lily_idle_s_02,animation,P0,planned,768,768,True,asset_prompts/17_ANIMATION/ANIMATION_MASTER_PROMPT.md
npcs_lily_idle_s_03,animation,P0,planned,768,768,True,asset_prompts/17_ANIMATION/ANIMATION_MASTER_PROMPT.md
npcs_lily_walk_s_00,animation,P0,planned,768,768,True,asset_prompts/17_ANIMATION/ANIMATION_MASTER_PROMPT.md
npcs_lily_walk_s_01,animation,P0,planned,768,768,True,asset_prompts/17_ANIMATION/ANIMATION_MASTER_PROMPT.md
npcs_lily_walk_s_02,animation,P0,planned,768,768,True,asset_prompts/17_ANIMATION/ANIMATION_MASTER_PROMPT.md
npcs_lily_walk_s_03,animation,P0,planned,768,768,True,asset_prompts/17_ANIMATION/ANIMATION_MASTER_PROMPT.md
npcs_lily_walk_s_04,animation,P0,planned,768,768,True,asset_prompts/17_ANIMATION/ANIMATION_MASTER_PROMPT.md
npcs_lily_walk_s_05,animation,P0,planned,768,768,True,asset_prompts/17_ANIMATION/ANIMATION_MASTER_PROMPT.md
npcs_lily_idle_w_00,animation,P0,planned,768,768,True,asset_prompts/17_ANIMATION/ANIMATION_MASTER_PROMPT.md
npcs_lily_idle_w_01,animation,P0,planned,768,768,True,asset_prompts/17_ANIMATION/ANIMATION_MASTER_PROMPT.md
npcs_lily_idle_w_02,animation,P0,planned,768,768,True,asset_prompts/17_ANIMATION/ANIMATION_MASTER_PROMPT.md
npcs_lily_idle_w_03,animation,P0,planned,768,768,True,asset_prompts/17_ANIMATION/ANIMATION_MASTER_PROMPT.md
npcs_lily_walk_w_00,animation,P0,planned,768,768,True,asset_prompts/17_ANIMATION/ANIMATION_MASTER_PROMPT.md
npcs_lily_walk_w_01,animation,P0,planned,768,768,True,asset_prompts/17_ANIMATION/ANIMATION_MASTER_PROMPT.md
npcs_lily_walk_w_02,animation,P0,planned,768,768,True,asset_prompts/17_ANIMATION/ANIMATION_MASTER_PROMPT.md
npcs_lily_walk_w_03,animation,P0,planned,768,768,True,asset_prompts/17_ANIMATION/ANIMATION_MASTER_PROMPT.md
npcs_lily_walk_w_04,animation,P0,planned,768,768,True,asset_prompts/17_ANIMATION/ANIMATION_MASTER_PROMPT.md
npcs_lily_walk_w_05,animation,P0,planned,768,768,True,asset_prompts/17_ANIMATION/ANIMATION_MASTER_PROMPT.md
npcs_noah_idle_n_00,animation,P1,planned,768,768,True,asset_prompts/17_ANIMATION/ANIMATION_MASTER_PROMPT.md
npcs_noah_idle_n_01,animation,P1,planned,768,768,True,asset_prompts/17_ANIMATION/ANIMATION_MASTER_PROMPT.md
npcs_noah_idle_n_02,animation,P1,planned,768,768,True,asset_prompts/17_ANIMATION/ANIMATION_MASTER_PROMPT.md
npcs_noah_idle_n_03,animation,P1,planned,768,768,True,asset_prompts/17_ANIMATION/ANIMATION_MASTER_PROMPT.md
npcs_noah_walk_n_00,animation,P1,planned,768,768,True,asset_prompts/17_ANIMATION/ANIMATION_MASTER_PROMPT.md
npcs_noah_walk_n_01,animation,P1,planned,768,768,True,asset_prompts/17_ANIMATION/ANIMATION_MASTER_PROMPT.md
npcs_noah_walk_n_02,animation,P1,planned,768,768,True,asset_prompts/17_ANIMATION/ANIMATION_MASTER_PROMPT.md
npcs_noah_walk_n_03,animation,P1,planned,768,768,True,asset_prompts/17_ANIMATION/ANIMATION_MASTER_PROMPT.md
npcs_noah_walk_n_04,animation,P1,planned,768,768,True,asset_prompts/17_ANIMATION/ANIMATION_MASTER_PROMPT.md
npcs_noah_walk_n_05,animation,P1,planned,768,768,True,asset_prompts/17_ANIMATION/ANIMATION_MASTER_PROMPT.md
npcs_noah_idle_e_00,animation,P1,planned,768,768,True,asset_prompts/17_ANIMATION/ANIMATION_MASTER_PROMPT.md
npcs_noah_idle_e_01,animation,P1,planned,768,768,True,asset_prompts/17_ANIMATION/ANIMATION_MASTER_PROMPT.md
npcs_noah_idle_e_02,animation,P1,planned,768,768,True,asset_prompts/17_ANIMATION/ANIMATION_MASTER_PROMPT.md
npcs_noah_idle_e_03,animation,P1,planned,768,768,True,asset_prompts/17_ANIMATION/ANIMATION_MASTER_PROMPT.md
npcs_noah_walk_e_00,animation,P1,planned,768,768,True,asset_prompts/17_ANIMATION/ANIMATION_MASTER_PROMPT.md
npcs_noah_walk_e_01,animation,P1,planned,768,768,True,asset_prompts/17_ANIMATION/ANIMATION_MASTER_PROMPT.md
npcs_noah_walk_e_02,animation,P1,planned,768,768,True,asset_prompts/17_ANIMATION/ANIMATION_MASTER_PROMPT.md
npcs_noah_walk_e_03,animation,P1,planned,768,768,True,asset_prompts/17_ANIMATION/ANIMATION_MASTER_PROMPT.md
npcs_noah_walk_e_04,animation,P1,planned,768,768,True,asset_prompts/17_ANIMATION/ANIMATION_MASTER_PROMPT.md
npcs_noah_walk_e_05,animation,P1,planned,768,768,True,asset_prompts/17_ANIMATION/ANIMATION_MASTER_PROMPT.md
npcs_noah_idle_s_00,animation,P1,planned,768,768,True,asset_prompts/17_ANIMATION/ANIMATION_MASTER_PROMPT.md
npcs_noah_idle_s_01,animation,P1,planned,768,768,True,asset_prompts/17_ANIMATION/ANIMATION_MASTER_PROMPT.md
npcs_noah_idle_s_02,animation,P1,planned,768,768,True,asset_prompts/17_ANIMATION/ANIMATION_MASTER_PROMPT.md
npcs_noah_idle_s_03,animation,P1,planned,768,768,True,asset_prompts/17_ANIMATION/ANIMATION_MASTER_PROMPT.md
npcs_noah_walk_s_00,animation,P1,planned,768,768,True,asset_prompts/17_ANIMATION/ANIMATION_MASTER_PROMPT.md
npcs_noah_walk_s_01,animation,P1,planned,768,768,True,asset_prompts/17_ANIMATION/ANIMATION_MASTER_PROMPT.md
npcs_noah_walk_s_02,animation,P1,planned,768,768,True,asset_prompts/17_ANIMATION/ANIMATION_MASTER_PROMPT.md
npcs_noah_walk_s_03,animation,P1,planned,768,768,True,asset_prompts/17_ANIMATION/ANIMATION_MASTER_PROMPT.md
npcs_noah_walk_s_04,animation,P1,planned,768,768,True,asset_prompts/17_ANIMATION/ANIMATION_MASTER_PROMPT.md
npcs_noah_walk_s_05,animation,P1,planned,768,768,True,asset_prompts/17_ANIMATION/ANIMATION_MASTER_PROMPT.md
npcs_noah_idle_w_00,animation,P1,planned,768,768,True,asset_prompts/17_ANIMATION/ANIMATION_MASTER_PROMPT.md
npcs_noah_idle_w_01,animation,P1,planned,768,768,True,asset_prompts/17_ANIMATION/ANIMATION_MASTER_PROMPT.md
npcs_noah_idle_w_02,animation,P1,planned,768,768,True,asset_prompts/17_ANIMATION/ANIMATION_MASTER_PROMPT.md
npcs_noah_idle_w_03,animation,P1,planned,768,768,True,asset_prompts/17_ANIMATION/ANIMATION_MASTER_PROMPT.md
npcs_noah_walk_w_00,animation,P1,planned,768,768,True,asset_prompts/17_ANIMATION/ANIMATION_MASTER_PROMPT.md
npcs_noah_walk_w_01,animation,P1,planned,768,768,True,asset_prompts/17_ANIMATION/ANIMATION_MASTER_PROMPT.md
npcs_noah_walk_w_02,animation,P1,planned,768,768,True,asset_prompts/17_ANIMATION/ANIMATION_MASTER_PROMPT.md
npcs_noah_walk_w_03,animation,P1,planned,768,768,True,asset_prompts/17_ANIMATION/ANIMATION_MASTER_PROMPT.md
npcs_noah_walk_w_04,animation,P1,planned,768,768,True,asset_prompts/17_ANIMATION/ANIMATION_MASTER_PROMPT.md
npcs_noah_walk_w_05,animation,P1,planned,768,768,True,asset_prompts/17_ANIMATION/ANIMATION_MASTER_PROMPT.md
npcs_arthur_idle_n_00,animation,P1,planned,768,768,True,asset_prompts/17_ANIMATION/ANIMATION_MASTER_PROMPT.md
npcs_arthur_idle_n_01,animation,P1,planned,768,768,True,asset_prompts/17_ANIMATION/ANIMATION_MASTER_PROMPT.md
npcs_arthur_idle_n_02,animation,P1,planned,768,768,True,asset_prompts/17_ANIMATION/ANIMATION_MASTER_PROMPT.md
npcs_arthur_idle_n_03,animation,P1,planned,768,768,True,asset_prompts/17_ANIMATION/ANIMATION_MASTER_PROMPT.md
npcs_arthur_walk_n_00,animation,P1,planned,768,768,True,asset_prompts/17_ANIMATION/ANIMATION_MASTER_PROMPT.md
npcs_arthur_walk_n_01,animation,P1,planned,768,768,True,asset_prompts/17_ANIMATION/ANIMATION_MASTER_PROMPT.md
npcs_arthur_walk_n_02,animation,P1,planned,768,768,True,asset_prompts/17_ANIMATION/ANIMATION_MASTER_PROMPT.md
npcs_arthur_walk_n_03,animation,P1,planned,768,768,True,asset_prompts/17_ANIMATION/ANIMATION_MASTER_PROMPT.md
npcs_arthur_walk_n_04,animation,P1,planned,768,768,True,asset_prompts/17_ANIMATION/ANIMATION_MASTER_PROMPT.md
npcs_arthur_walk_n_05,animation,P1,planned,768,768,True,asset_prompts/17_ANIMATION/ANIMATION_MASTER_PROMPT.md
npcs_arthur_idle_e_00,animation,P1,planned,768,768,True,asset_prompts/17_ANIMATION/ANIMATION_MASTER_PROMPT.md
npcs_arthur_idle_e_01,animation,P1,planned,768,768,True,asset_prompts/17_ANIMATION/ANIMATION_MASTER_PROMPT.md
npcs_arthur_idle_e_02,animation,P1,planned,768,768,True,asset_prompts/17_ANIMATION/ANIMATION_MASTER_PROMPT.md
npcs_arthur_idle_e_03,animation,P1,planned,768,768,True,asset_prompts/17_ANIMATION/ANIMATION_MASTER_PROMPT.md
npcs_arthur_walk_e_00,animation,P1,planned,768,768,True,asset_prompts/17_ANIMATION/ANIMATION_MASTER_PROMPT.md
npcs_arthur_walk_e_01,animation,P1,planned,768,768,True,asset_prompts/17_ANIMATION/ANIMATION_MASTER_PROMPT.md
npcs_arthur_walk_e_02,animation,P1,planned,768,768,True,asset_prompts/17_ANIMATION/ANIMATION_MASTER_PROMPT.md
npcs_arthur_walk_e_03,animation,P1,planned,768,768,True,asset_prompts/17_ANIMATION/ANIMATION_MASTER_PROMPT.md
npcs_arthur_walk_e_04,animation,P1,planned,768,768,True,asset_prompts/17_ANIMATION/ANIMATION_MASTER_PROMPT.md
npcs_arthur_walk_e_05,animation,P1,planned,768,768,True,asset_prompts/17_ANIMATION/ANIMATION_MASTER_PROMPT.md
npcs_arthur_idle_s_00,animation,P1,planned,768,768,True,asset_prompts/17_ANIMATION/ANIMATION_MASTER_PROMPT.md
npcs_arthur_idle_s_01,animation,P1,planned,768,768,True,asset_prompts/17_ANIMATION/ANIMATION_MASTER_PROMPT.md
npcs_arthur_idle_s_02,animation,P1,planned,768,768,True,asset_prompts/17_ANIMATION/ANIMATION_MASTER_PROMPT.md
npcs_arthur_idle_s_03,animation,P1,planned,768,768,True,asset_prompts/17_ANIMATION/ANIMATION_MASTER_PROMPT.md
npcs_arthur_walk_s_00,animation,P1,planned,768,768,True,asset_prompts/17_ANIMATION/ANIMATION_MASTER_PROMPT.md
npcs_arthur_walk_s_01,animation,P1,planned,768,768,True,asset_prompts/17_ANIMATION/ANIMATION_MASTER_PROMPT.md
npcs_arthur_walk_s_02,animation,P1,planned,768,768,True,asset_prompts/17_ANIMATION/ANIMATION_MASTER_PROMPT.md
npcs_arthur_walk_s_03,animation,P1,planned,768,768,True,asset_prompts/17_ANIMATION/ANIMATION_MASTER_PROMPT.md
npcs_arthur_walk_s_04,animation,P1,planned,768,768,True,asset_prompts/17_ANIMATION/ANIMATION_MASTER_PROMPT.md
npcs_arthur_walk_s_05,animation,P1,planned,768,768,True,asset_prompts/17_ANIMATION/ANIMATION_MASTER_PROMPT.md
npcs_arthur_idle_w_00,animation,P1,planned,768,768,True,asset_prompts/17_ANIMATION/ANIMATION_MASTER_PROMPT.md
npcs_arthur_idle_w_01,animation,P1,planned,768,768,True,asset_prompts/17_ANIMATION/ANIMATION_MASTER_PROMPT.md
npcs_arthur_idle_w_02,animation,P1,planned,768,768,True,asset_prompts/17_ANIMATION/ANIMATION_MASTER_PROMPT.md
npcs_arthur_idle_w_03,animation,P1,planned,768,768,True,asset_prompts/17_ANIMATION/ANIMATION_MASTER_PROMPT.md
npcs_arthur_walk_w_00,animation,P1,planned,768,768,True,asset_prompts/17_ANIMATION/ANIMATION_MASTER_PROMPT.md
npcs_arthur_walk_w_01,animation,P1,planned,768,768,True,asset_prompts/17_ANIMATION/ANIMATION_MASTER_PROMPT.md
npcs_arthur_walk_w_02,animation,P1,planned,768,768,True,asset_prompts/17_ANIMATION/ANIMATION_MASTER_PROMPT.md
npcs_arthur_walk_w_03,animation,P1,planned,768,768,True,asset_prompts/17_ANIMATION/ANIMATION_MASTER_PROMPT.md
npcs_arthur_walk_w_04,animation,P1,planned,768,768,True,asset_prompts/17_ANIMATION/ANIMATION_MASTER_PROMPT.md
npcs_arthur_walk_w_05,animation,P1,planned,768,768,True,asset_prompts/17_ANIMATION/ANIMATION_MASTER_PROMPT.md
pets_momo_idle_n_00,animation,P0,planned,768,768,True,asset_prompts/17_ANIMATION/ANIMATION_MASTER_PROMPT.md
pets_momo_idle_n_01,animation,P0,planned,768,768,True,asset_prompts/17_ANIMATION/ANIMATION_MASTER_PROMPT.md
pets_momo_idle_n_02,animation,P0,planned,768,768,True,asset_prompts/17_ANIMATION/ANIMATION_MASTER_PROMPT.md
pets_momo_idle_n_03,animation,P0,planned,768,768,True,asset_prompts/17_ANIMATION/ANIMATION_MASTER_PROMPT.md
pets_momo_walk_n_00,animation,P0,planned,768,768,True,asset_prompts/17_ANIMATION/ANIMATION_MASTER_PROMPT.md
pets_momo_walk_n_01,animation,P0,planned,768,768,True,asset_prompts/17_ANIMATION/ANIMATION_MASTER_PROMPT.md
pets_momo_walk_n_02,animation,P0,planned,768,768,True,asset_prompts/17_ANIMATION/ANIMATION_MASTER_PROMPT.md
pets_momo_walk_n_03,animation,P0,planned,768,768,True,asset_prompts/17_ANIMATION/ANIMATION_MASTER_PROMPT.md
pets_momo_walk_n_04,animation,P0,planned,768,768,True,asset_prompts/17_ANIMATION/ANIMATION_MASTER_PROMPT.md
pets_momo_walk_n_05,animation,P0,planned,768,768,True,asset_prompts/17_ANIMATION/ANIMATION_MASTER_PROMPT.md
pets_momo_idle_e_00,animation,P0,planned,768,768,True,asset_prompts/17_ANIMATION/ANIMATION_MASTER_PROMPT.md
pets_momo_idle_e_01,animation,P0,planned,768,768,True,asset_prompts/17_ANIMATION/ANIMATION_MASTER_PROMPT.md
pets_momo_idle_e_02,animation,P0,planned,768,768,True,asset_prompts/17_ANIMATION/ANIMATION_MASTER_PROMPT.md
pets_momo_idle_e_03,animation,P0,planned,768,768,True,asset_prompts/17_ANIMATION/ANIMATION_MASTER_PROMPT.md
pets_momo_walk_e_00,animation,P0,planned,768,768,True,asset_prompts/17_ANIMATION/ANIMATION_MASTER_PROMPT.md
pets_momo_walk_e_01,animation,P0,planned,768,768,True,asset_prompts/17_ANIMATION/ANIMATION_MASTER_PROMPT.md
pets_momo_walk_e_02,animation,P0,planned,768,768,True,asset_prompts/17_ANIMATION/ANIMATION_MASTER_PROMPT.md
pets_momo_walk_e_03,animation,P0,planned,768,768,True,asset_prompts/17_ANIMATION/ANIMATION_MASTER_PROMPT.md
pets_momo_walk_e_04,animation,P0,planned,768,768,True,asset_prompts/17_ANIMATION/ANIMATION_MASTER_PROMPT.md
pets_momo_walk_e_05,animation,P0,planned,768,768,True,asset_prompts/17_ANIMATION/ANIMATION_MASTER_PROMPT.md
pets_momo_idle_s_00,animation,P0,planned,768,768,True,asset_prompts/17_ANIMATION/ANIMATION_MASTER_PROMPT.md
pets_momo_idle_s_01,animation,P0,planned,768,768,True,asset_prompts/17_ANIMATION/ANIMATION_MASTER_PROMPT.md
pets_momo_idle_s_02,animation,P0,planned,768,768,True,asset_prompts/17_ANIMATION/ANIMATION_MASTER_PROMPT.md
pets_momo_idle_s_03,animation,P0,planned,768,768,True,asset_prompts/17_ANIMATION/ANIMATION_MASTER_PROMPT.md
pets_momo_walk_s_00,animation,P0,planned,768,768,True,asset_prompts/17_ANIMATION/ANIMATION_MASTER_PROMPT.md
pets_momo_walk_s_01,animation,P0,planned,768,768,True,asset_prompts/17_ANIMATION/ANIMATION_MASTER_PROMPT.md
pets_momo_walk_s_02,animation,P0,planned,768,768,True,asset_prompts/17_ANIMATION/ANIMATION_MASTER_PROMPT.md
pets_momo_walk_s_03,animation,P0,planned,768,768,True,asset_prompts/17_ANIMATION/ANIMATION_MASTER_PROMPT.md
pets_momo_walk_s_04,animation,P0,planned,768,768,True,asset_prompts/17_ANIMATION/ANIMATION_MASTER_PROMPT.md
pets_momo_walk_s_05,animation,P0,planned,768,768,True,asset_prompts/17_ANIMATION/ANIMATION_MASTER_PROMPT.md
pets_momo_idle_w_00,animation,P0,planned,768,768,True,asset_prompts/17_ANIMATION/ANIMATION_MASTER_PROMPT.md
pets_momo_idle_w_01,animation,P0,planned,768,768,True,asset_prompts/17_ANIMATION/ANIMATION_MASTER_PROMPT.md
pets_momo_idle_w_02,animation,P0,planned,768,768,True,asset_prompts/17_ANIMATION/ANIMATION_MASTER_PROMPT.md
pets_momo_idle_w_03,animation,P0,planned,768,768,True,asset_prompts/17_ANIMATION/ANIMATION_MASTER_PROMPT.md
pets_momo_walk_w_00,animation,P0,planned,768,768,True,asset_prompts/17_ANIMATION/ANIMATION_MASTER_PROMPT.md
pets_momo_walk_w_01,animation,P0,planned,768,768,True,asset_prompts/17_ANIMATION/ANIMATION_MASTER_PROMPT.md
pets_momo_walk_w_02,animation,P0,planned,768,768,True,asset_prompts/17_ANIMATION/ANIMATION_MASTER_PROMPT.md
pets_momo_walk_w_03,animation,P0,planned,768,768,True,asset_prompts/17_ANIMATION/ANIMATION_MASTER_PROMPT.md
pets_momo_walk_w_04,animation,P0,planned,768,768,True,asset_prompts/17_ANIMATION/ANIMATION_MASTER_PROMPT.md
pets_momo_walk_w_05,animation,P0,planned,768,768,True,asset_prompts/17_ANIMATION/ANIMATION_MASTER_PROMPT.md
house_s0,buildings,P0,planned,1536,1536,True,asset_prompts/08_BUILDINGS/BUILDING_MASTER_PROMPT.md
house_s1,buildings,P0,planned,1536,1536,True,asset_prompts/08_BUILDINGS/BUILDING_MASTER_PROMPT.md
house_s2,buildings,P1,planned,1536,1536,True,asset_prompts/08_BUILDINGS/BUILDING_MASTER_PROMPT.md
greenhouse_ruined,buildings,P1,planned,1536,1536,True,asset_prompts/08_BUILDINGS/BUILDING_MASTER_PROMPT.md
greenhouse_restored,buildings,P1,planned,1536,1536,True,asset_prompts/08_BUILDINGS/BUILDING_MASTER_PROMPT.md
cottage_ground,maps,P0,planned,1536,1152,False,asset_prompts/10_MAPS/MAP_MASTER_PROMPT.md
greenhouse_ground,maps,P1,planned,1024,768,False,asset_prompts/10_MAPS/MAP_MASTER_PROMPT.md
debris_weeds,environment,P0,planned,512,512,True,asset_prompts/09_ENVIRONMENT/ENVIRONMENT_MASTER_PROMPT.md
debris_wood,environment,P0,planned,512,512,True,asset_prompts/09_ENVIRONMENT/ENVIRONMENT_MASTER_PROMPT.md
debris_stone,environment,P0,planned,512,512,True,asset_prompts/09_ENVIRONMENT/ENVIRONMENT_MASTER_PROMPT.md
memory_card_back,puzzle_assets,P0,planned,512,512,True,asset_prompts/15_PUZZLE_ASSETS/PUZZLE_MASTER_PROMPT.md
pipe_straight,puzzle_assets,P1,planned,512,512,True,asset_prompts/15_PUZZLE_ASSETS/PUZZLE_MASTER_PROMPT.md
pipe_elbow,puzzle_assets,P1,planned,512,512,True,asset_prompts/15_PUZZLE_ASSETS/PUZZLE_MASTER_PROMPT.md
pipe_cap,puzzle_assets,P1,planned,512,512,True,asset_prompts/15_PUZZLE_ASSETS/PUZZLE_MASTER_PROMPT.md
sliding_photo,story_assets,P1,planned,1024,1024,False,asset_prompts/16_STORY_ASSETS/STORY_MASTER_PROMPT.md
ui_panel,ui,P0,planned,512,512,True,asset_prompts/12_UI/UI_MASTER_PROMPT.md
ui_button,ui,P0,planned,512,512,True,asset_prompts/12_UI/UI_MASTER_PROMPT.md
ui_journal,ui,P1,planned,1024,768,True,asset_prompts/12_UI/UI_MASTER_PROMPT.md
vfx_bloom,effects,P0,planned,512,512,True,asset_prompts/14_EFFECTS/VFX_MASTER_PROMPT.md
symbol_leaf,puzzle_assets,P1,planned,512,512,True,asset_prompts/15_PUZZLE_ASSETS/PUZZLE_MASTER_PROMPT.md
symbol_sun,puzzle_assets,P1,planned,512,512,True,asset_prompts/15_PUZZLE_ASSETS/PUZZLE_MASTER_PROMPT.md
